{"cameraMode":{"drawMode":0,"name":"Shaded","section":"Shading Mode"},"sceneLighting":true,"audioPlay":false,"sceneViewState":{"m_AlwaysRefresh":false,"showFog":true,"showSkybox":true,"showFlares":true,"showImageEffects":true,"showParticleSystems":true,"showVisualEffectGraphs":true,"m_FxEnabled":true},"in2DMode":false,"pivot":{"x":12.0645112991333,"y":15.347793579101563,"z":18.85335350036621},"rotation":{"x":0.008999639190733433,"y":-0.007500035688281059,"z":0.00006743346602888778,"w":0.9999334216117859},"size":11.904558181762696,"orthographic":true}